692105,Gay,Owen,tar.razer@gmail.com
692100,Minerva,Butler,koas@gmail.com
692082,Hesti,Purwadinata,hesti@mail.com
692079,safaga,fafa,sl@gmail.com
692079,wor,king,wor@gmail.com
692079,holi,min,holi@gmail.com
692079,Weekly,Update,weekly@gmail.com
692079,Alana,Nash,daily@gmail.com
692072,Anne,Gold,raznew4@mail.com
692071,Bill,Gold,raznew3@mail.com
692069,Marques,Brownlee,e.serenna38@gmail.com
692068,tt,tt,e.serenna37@gmail.com
692060,Gehe,Hehe,hehe@hehe.com
692056,Rachel,Amanda,cocomelon@mail.com
692047,test,test,kk6@kk6.com
692045,Cassie,Lyodra,lisasa@mail.com
692044,Cammie,Admin,cammieadmin@mail.com
692044,Cammie,Sub,cammiesub@mail.com
692044,Camelia,Lim,camry@mail.com
692043,Keira,Portman,julia@mail.com
692038,Cip,cip,e.serenna26@gmail.com
692037,Marques,Brownlee,e.serenna25@gmail.com
692036,ecah tiktok,tiktok,aishahtiktokph@gmail.com
692036,Limah,Finance,limahfinance@mail.com
692036,Limah,Admin,limahadmin@mail.com
692036,Limah,Sub,limahsub@mail.com
692036,Limah,Leman,alew00710@gmail.com
692035,sss,qqqq,hahaha@hahaha.com
692035,ssss,ssss,superbearhack@yopmail.com
692028,Numan,Kim,kanina@mail.com
692018,Razer,QA One,razerqa1@mail.com
692017,Yee,CY,yee.cy@gmail.com
692017,razer,gold123,razergold123@gmail.com
692013,Kelly,Gamers,razernew1@mail.com
692012,Razer,Khod,razer2@mail.com
692011,vincent,cent,sinceritymaiden91+1@gmail.com
692011,Razer,Mobile,razermob1@mail.com
692009,Osama,test,osama@osama.com
692008,do,doko,do@gmail.com
691995,aishah,fb PM,tmjs689c@aishah-mail.io
691994,aishah,PM company,jabzw8sr@aishah-mail.io
691993,aishah,traffic,mmnwljld@aishah-mail.io
691992,aishah,partnermission,zdfnrj6z@aishah-mail.io
691991,Cip,cip,e.serennasos@gmail.com
691990,Seren,Seren,e.serennargpm@gmail.com
691975,ls,fsk,sk@gmail.com
691974,dh,ak,dh@gmail.com
691972,aishah,wanda,ecahalert@gmail.com
691968,test,has,jasperedwardsace1@yahoo.com
691967,def,dcdd,jasperedwardsace@yahoo.com
691966,Toad,Mode,toadmode@email.com
691963,Hong,Hei,hei@gmail.com
691962,Kim,Soo,ksy@gmail.com
691961,Wakaka,Kaka,kikikiwakaka@gmail.com
691952,a,aaaaaaaaaaa,ac@ac.com
691951,asdfds,afasf,ca@ca.com
691949,Asfafasf,Asfsdafas,aaaaaaaaaaaaa@aaaaaaaa.com
691948,Test,Test,kk01@kk01.com
691947,Sfdsafsadf,Asdfsafa,adsfaf@fjsadkfl.com
691907,Travis,Scott,jannah@mail.com
691904,Jimmy,Two,jimmy2@mail.com
691903,test,testt,kk28@kk28.com
691899,Taro,Taro,taro@gmail.com
691898,Jefree,Neutron,jimmy1@mail.com
691894,Siz,Zus,suz@gmail.com
691890,Kakak,One,kanda5@mail.com
691888,Farah,Lolly,kanda4@mail.com
691886,test,test,kk15@kk15.com
691885,Kayla,Kanda,kanda3@mail.com
691884,Lpt,2,lpt@gmail.com
691883,Kanda,Adinda,kanda2@mail.com
691882,Kugiran,Masdo,kanda1@mail.com
691880,Mg,Kim,mg@gmail.com
691877,Bear,Bare,superbear2@yopmail.com
691868,das,das,kk24@kk24.com
691867,natlieee,heheeeheheh,n6@nn.com
691865,natilie,jelli,n4@nn.com
691862,wqeqe,eqweqw,kk22@kk22.com
691859,kakakakaka,sjsjsjs,kk21@kk21.com
691855,6.91855E+23,6.91855E+23,n1@nn.com
691854,coco,meleon,nn@nn.com
691853,Hasad,Mcleod,infree@gmail.com
691852,Ursula,Mitchell,ruru@gmail.com
691849,Gray,Barnes,kk@aa.com
691847,Regina,House,gepivin@mailinator.com
691845,Aurelia,Phillips,error@gmail.com
691844,Ciaran,Forbes,pezecedur@mailinator.com
691843,kerol,test,kk17@kk17.com
691842,kerol,testla,kk16@kk16.com
691836,kerol,kacak,kk1@kk1.com
691831,fucker,you,fsdaf@gmail.com
691821,Siti,Katty,nabila9@mail.com
691820,Aliah,Keys,nabila8@mail.com
691819,Vivy,Yusof,nabila7@mail.com
691818,Tyara,Nab,nabila6@mail.com
691814,Lita,Apple,nabila5@mail.com
691813,Laila,Syamsul,nabila4@mail.com
691812,Kris,Lemos,nabila3@mail.com
691811,Ryu,Yeol,nabila2@mail.com
691809,Beary2,LastB,duperbear2@yopmail.com
691803,Jennie,Tan,nabila1@mail.com
691801,Petit,Star,staring@mail.com
691800,ecah,content,ecahcontent@gmail.com
691799,ecah,instagram,ecahinstagram@gmail.com
691798,ecah,facebook,ecahfacebook@gmail.com
691797,Test,KKK,kaitest1445@gmail.com
691795,Maile,Bryan,zxcvcxz@asdf.com
691793,lee,kwangsoo,leekwangsoo@icloud.com
691790,Melinda,Looi,melmel@mail.com
691787,Zara,Chak,zaharahwilson82@gmail.com
691785,Mimo,Double,mimo@mail.com
691783,Momo,Twice,momo@mail.com
691781,kao,kao,kao@gmail.com
691781,Arthur,Vargas,wush@gmail.com
691774,Qas,Kariman,mariah3@mail.com
691773,Sairah,Samron,mariah2@mail.com
691772,Mariana,Carlson,mariah1@mail.com
691771,taylor,swift,tayloralisonswift@icloud.com
691770,Mary,Larry,mariah@mail.com
691767,nana,nanna,leejieun@icloud.com
691766,jordan,yap,kwonjiyong@gmail.com
691765,Bowdette,Bow Bow,bowdowbbowdette@email.com
691765,Bow Bow,Bowdown,bowdownbowbow@email.com
691765,Giga,Chad,gigachad@hustleuniversity.com
691764,Hacky,Bear,superhackybear@yopmail.com
691764,Xion,L,superbear123@yopmail.com
691764,Vincent,ri,sinceritymaiden@hotmail.com
691759,ash,sakk,asn@gmail.com
691758,tue,teu,tue@gmail.com
691755,test admin,admin,adminre@gmail.com
691755,Selma,Chapman,rashid@gmail.com
691742,NotNot,Waluigi,notnotwaluigi@email.com
691742,WaWa,Luigi,notwaluigi@email.com
691739,tani,Kon,tan@gmail.com
691736,jk,saudi,jk@gmail.com
691734,Joseph,Test,josephtest1555@gmail.com
691732,Meta,Joseph,joseph@endtest-mail.io
691728,Tze Yang,Teh,ll@ll.com
691724,darren,Test,darren12@gmail.com
691721,Darren11,Sub2,darren11sub2@gmail.com
691721,Darren11,Sub1,darren11sub1@gmail.com
691721,darren,Test,darren11@gmail.com
691717,darren,test,darren9@gmail.com
691703,Kane,Benjamin,tunhussin@gmail.com
691695,iman,nopi,ia.intan01@gmail.com
691689,test,em,ljhona13222@gmail.com
691687,Sassy,Dan,sasa@mail.com
691686,Zola,Zander,zola@mail.com
691680,aa1,aa,aa1@aa.com
691680,alii,bababab,aa@aa.com
691676,Tommy,Stark,tom@mail.com
691675,Yuty,yu,yuuy@gmail.com
691666,asdf,asdf,la@la.com
691654,Tze Yang,Teh,tehyang95@gmail.com
691652,Mika,jamal,mika@gmail.com
691651,Carl,Vaughan,ki@gmail.com
691651,Tak,kku,tak@gmail.com
691638,Maria,Molly,maria@mail.com
691636,aishah,5,ecah5@endtest-mail.io
691636,aishah,app,ecah5@gmail.com
691636,hello,ap,inna@gmail.com
691625,Stepdad,Wario,stepdadwario@email.com
691615,Molly,Mclean,lolos@mail.com
691613,Bow Down,Bow Bow,bowdownbowbow2@email.com
691613,Bow Down,Bowdette,bowdownbowdette@email.com
691613,Bow Down,Bowser,bowdownbowser@email.com
691605,Zenaida,Weiss,nuri@mail.com
691593,baba,BABA,ba@aa.com
691590,2aa,aa2,2a@aa.com
691576,tusio,fs,financetusuzeu@gmail.com
691576,tsuzu,finance,tsuzufinance@gmail.com
691576,tsuzu ii,corp,tsuzu@gmail.com
691562,Dayana,Salman,syedalisyedhamdan@gmail.com
691558,Sammy,Bellu,sammy@mail.com
691532,Stormi,Jenner,oppa@mail.com
691531,Yuyu,Zal,yuyu@mail.com
691531,Rob1,Kardashian,zzz@mail.com
691520,Daus,Pengsan,cars@mail.com
691518,tt,tt,skyhigh.rememberme@gmail.com
691510,1a,finance,1a@finance.com
691510,1a,sub,1a@sub.com
691510,ali,bilala,1a@aa.com
691507,5a,aa,5a@aa.com
691497,Sadfsaf,Asdfsafsadf,a5@aa.com
691487,darren,Test,darren6@gmail.com
691486,Goomba,Stomper,goombastomper@email.com
691485,Verify,VerifyVerify,ab@ab.com
691484,Kaki,Boko,kk@kk.com
691483,darren,test2,darren5v5@gmail.com
691482,Abdul Razzak,Alkel,abdulrazaqalkl@gmail.com
691481,chicken,Little,boonyongyang998@gmail.com
691480,uyu,mobile,uyu@gmail.com
691478,ecah,loyalty,aishahwsa96@gmail.com
691470,Iam,Yoshii,youreyoshi@email.com
691468,Jennie,kim,r4rsky9bx5@privaterelay.appleid.com
691467,Nial,Henderson,nialhenderson5@gmail.com
691463,darren,kycTest,darren4@gmail.com
691457,Janna,Nicky,janna@mail.com
691452,ecah,others,ecahothers@gmail.com
691451,ecah,comparison,ecahcomparison@gmail.com
691448,primer,company,primer@gmail.com
691447,harry,harry horan,harryhoran860@gmail.com
691444,ecah,moneyback,ecahmoneybackproperty@gmail.com
691443,Ramlah Sub,Sol,ramlahsub@mail.com
691443,Kamilla,Lai,ramlah@mail.com
691442,ecah,companysn,ecahmapcouponcompany@gmail.com
691440,ecah,content,ecahmapcontent@gmail.com
691439,ecah,mapping,ecahmapping@gmail.com
691436,Anson,Tan,reddead@gmail.com
691432,aishahqa,dd,userkyc1@gmail.com
691404,Father,Mario,fathermario@email.com
691399,chan,bin,chanbin@gmail.com
691399,chan,lee,chanlee@gmail.com
691399,lee,chan,dino@gmail.com
691392,Syed Osama,Syed Osama Najam,osama123@osama.com
691389,Maslina,Mamat,masmos@mail.com
691387,Lala,Lolok,lalalol@mail.com
691371,sia,jennery,sia@gmail.com
691370,Alison,Kon,konjiaher@gmail.com
691368,Sandy,Sandoro,mobilesatu@mail.com
691366,aishah,admin,aishahtestadmin@gmail.com
691364,ABE,WAN,abewan1@gmail.com
691362,Hantu Kapir,Hantu Kapir,hantu1958@gmail.com
691361,HANTU,POCONG,hantu1957@gmail.com
691360,irakazar,finance 3,irakazar-finance-3@gmail.com
691360,irakazar,finance 2,irakazar-finance-2@gmail.com
691360,irakazar,finance 1,irakazar-finance-1@gmail.com
691360,irakazar,admin 2,irakazar-admin-2@gmail.com
691360,irakazar,admin 1,irakazar-admin-1@gmail.com
691360,admin,finance,irakazar-admin@gmail.com
691360,irakazar,finance,irakazar-finance@gmail.com
691360,Ira,kazar,irakazar@gmail.com
691358,Sally,London,sally@mail.com
691357,Sally,Salmon,sand_dust@mail.com
691300,finance,ella,finance@ee.com
691300,sub,Ella,sub@ee.com
691300,admin,Ella,admin@ee.com
691300,Gala,Bing,gg@gg.com
691300,Fara,Flare,ff@ff.com
691300,Ella,Thing,ee@ee.com
691298,test24,test,shauntest4@gmail.com
691297,test,test,shauntest3@gmail.com
691296,test2,test,shauntest2@gmail.com
691293,kaka,johan,kaka@kaka.com
691293,Dada,Yoda,dada@dada.com
691292,Madonna,Oneal,carla.perlas@theasianparentinc.com
691290,Ali,Bukit,damnbroyouworkingstill@gmail.com
691288,Mick,Ked,sandy4@gmail.com
691287,asdasd,asdasd,lion06@gmail.com
691286,asdafaf,qrqqa,lion05@gmail.com
691285,da,affafa,lion04@gmail.com
691284,asdasda,asdasdas,lion03@gmail.com
691283,liosad,asdad,lion02@gmail.com
691282,adsasd,asdda,lion@gmail.com
691281,sasa,sasa,weraw.hayek888888@gmail.com
691280,sasas,sasasa,weraw.hayek777777@gmail.com
691279,COM1,COM2,weraw.hayek12234122341@gmail.com
691275,sasa,sasa,weraw.hayek0123465685@gmail.com
691274,dsaasd,dasasd,weraw.hayek111111080@gmail.com
691261,Virginia,Clark,tobazojy@mailinator.com
691261,Jasonn,Momoa,testbau01@involve.asia
691255,Intan,Intan IA,hhh@mail.com
691253,luxury,car,luxury@gmail.com
691250,sotong,admin,sotongadmin@gmail.com
691250,finance,sotong,sotongfinance@gmail.com
691250,sotong,guring guring,sotong@gmail.com
691249,Ali,Ali Rabu,rusliyanahwork@gmail.com
691244,IntanSaifut,IntanSaifut,wiraizkandar1@gmail.com
691233,FF,Zayn,finance1@mail.com
691233,Zoey,Matt,janet@mail.com
691188,Jin,Tanah,jin@gmail.com
691188,Setan,123,setan@gmail.com
691187,Miles,Morales,shoppleacc01@involve.asia
691179,Mahaii,Orga,admin34@gmail.com
691179,Bell,Prince,wirwir@gmail.com
691177,Joelle,Booth,cof2@gmail.com
691176,Bethany,Vincent,cof@gmail.com
691175,Ezekiel,Holt,tea@gmail.com
691173,Daus,company,daus25@gmail.com
691172,sasa,sasa,saiyasukhaporn@gmail.com
691171,sasa,sasa,kieranicete222222222@gmail.com
691169,mimi,khalid,meme@gmail.com
691168,eewq,eqwe,pembarisbesi87344334@yahoo.com
691166,asdads,daads,makomakoeee@gmail.com
691165,dasdf,adfsfds,makomako@gmail.com
691163,fds,fsdfsd,makdihijau@gmail.com
691162,sasa,sasa,hellinhell@gmail.com
691161,fsdfds,fsddsfdsf,babisan@gmail.com
691160,SASA,sasa,redhaitupasrah@gmail.com
691084,yee,ct,yelly@gmail.com
690984,IA,TEST01,iashoptest01@gmail.com
690975,test,ng,test456@gmail.com
690973,osamasub,test,osamasub@gmail.com
690973,osama,najam,osama@gmail.com
690956,Test,Pub MK 2,testpubmk2@gmail.com
690880,mari,bauer,user101@gmail.com
690879,yt,yt,yating.nyt@gmail.com
690877,clarke,sims,user99@gmail.com
690874,harper,weaver,login36@gmail.com
690873,finance,98,finance98@gmail.com
690873,rhea,langley,user98@gmail.com
690871,marshall,woodard,login35@gmail.com
690870,samantha,boon,samantha.boon@yahoo.com
690868,finance,13,finance13@gmail.com
690868,plato,powell,company13@gmail.com
690867,samantha,boon,samantha.boon@involve.asia
690862,No.3,Fan,no3no3fanfan@email.com
690862,No.2,Fan,no2no2fanfan@email.com
690862,No.1,Fan,no1no1fanfan@email.com
690862,eaton,hancock,login34@gmail.com
690861,tashya,chaney,company12@gmail.com
690857,rae,reid,company10@gmail.com
690855,Jake,Peralta,jakeperalta@gmail.com
690855,sheldon,cooper,sheldoncooper@gmail.com
690855,nana,heree,yigobi9353@glumark.com
652652,ds,ds,wirazulzahary@gmail.com
652549,MUHAMMAD WIRA,ZULZAHARY,weraw.hayekasasasasa@gmail.com
652513,wira,izkandar,6450d7510ac56wiraizkandar1@gmail.com
652483,keong,ah,ahkeong@gmail.com
652406,John,Snu Snu,fme4@gmail.com
652406,John,Dog,e.serennasub@gmail.com
652406,a,asasa,fme3@gmail.com
652406,assed,fendi,e.serenna5@gmail.com
652406,Serena,Seren,e.serenna@gmail.com
652343,fname mk,lname mk,okshen.98@gmail.com
652343,Updated,xiao wen,xiaowen@gmail.com
652343,Test Pub,MK,testpubmk@gmail.com
652277,Mona,Everett,marnelisa.salatiga@gmail.com
652232,Urbaningrum,Rojwatwiboon,urbaningrum.rojwatwiboon@gmail.com
652183,LOGEILYN,Regillas,logeilyn.regillas@gmail.com
652065,teo,gl,hks725914@gmail.com
651877,Handpicked,emirates,handpicked.emirates@gmail.com
651846,Beatizula,Sulanting,beatizula.sulanting@gmail.com
651824,Batalang,Kadriani,batalang.kadriani@outlook.com
651818,Krisdayanti,Villamero,krisdayanti.villamero@gmail.com
651817,Leonhardt,Carmelita,leonhardt.carmelita@gmail.com
651796,SHAKIRIN,Melojean,shakirin.melojean@gmail.com
651612,Floridan,Sobresida,floridan.sobresida@gmail.com
651237,Sacyaten,Tasyrikha,sacyaten.tasyrikha@gmail.com
650953,Korintina,Jeremhar,korintina.jeremhar@gmail.com
650918,Graycochea,Carlsten,graycochea.carlsten@yahoo.com
650826,Chanthip,beyoutease,chanthip.beyoutease@gmail.com
650509,Sorosoro,Risnawati,sorosoro.risnawati@gmail.com
650188,Divianna,Shealtiel,divianna.shealtiel@gmail.com
650031,Edgerald,Nurhaziqah,edgerald.nurhaziqah@gmail.com
649458,Fragrance,Rinissha,fragrance.rinissha@gmail.com
649161,Chrisloyd,Numbaddo,chrisloyd.numbaddo@gmail.com
647939,Ariantho,nantawan,ariantho.nantawan@gmail.com
647895,Jhaymark,Nuljabar,jhaymark.nuljabar@gmail.com
646693,itthipat,Patigayon,itthipat.patigayon@gmail.com
645695,Rohanisa,Franzyne,rohanisa.franzyne@gmail.com
642454,Baqueran,chatchadaporn,baqueran.chatchadaporn@gmail.com
640008,Trinidad,Ooi,trinidadooi@email.com
640008,Polio,Admin,polio-subowner@email.com
640008,Sath,Finance,sath-finance@email.com
640008,Cath,Sub-Owner,cath-subobwner@email.com
640008,Cascayan,Ellanita,cascayan.ellanita@gmail.com
635876,Noraiman,Roshidin,noraiman.roshidin@gmail.com
635229,Dewifaza,Cantorne,dewifaza.cantorne@emvil.com
632144,Prihandika,Tajusalatin,prihandika.tajusalatin@gmail.com
582360,Dimarucut,Cabanera,dimarucut.cabanera@gmail.com
538974,Kesumawati,Wattanachotevong,kesumawati.wattanachotevong@gmail.com
504501,Jeanylyn,Christene,jeanylyn.christene@gmail.com
496911,riedjuan,Caladdiao,riedjuan.caladdiao@gmail.com
220004,Paizatul,Garcillan,paizatul.garcillan@yahoo.com
121033,Pranyoto,Sinining,pranyoto.sinining@gmail.com
31140,juliangga,Oktapiani,juliangga.oktapiani@gmail.com
15174,lordanna,Mangindin,lordanna.mangindin@live.com